SAV,APSKRITIS,16EK,16SO_EK,16SO,16SO_AP,16AP,16EK_AP,16VID,26EK,26SO_EK,26SO,26SO_AP,26AP,26EK_AP,26VID,NL16,NL16SR,NL16RI,IBD16,IBD16SR,IBD16RI,LLS16,LLS16SR,LLS16RI,MPM16,MPM16SR,MPM16RI,EIS16,EIS16SR,EIS16RI,VTP16,VTP16SR,VTP16RI,KGP16,KGP16SR,KGP16RI,OUP16,OUP16SR,OUP16RI,GVT16,GVT16SR,GVT16RI,NZP16,NZP16SR,NZP16RI,VTD16,VTD16SR,VTD16RI,OIT16,OIT16SR,OIT16RI,VBN16,VBN16SR,VBN16RI,CTS16,CTS16SR,CTS16RI,NDU16,NDU16SR,NDU16RI,TUI16,TUI16SR,TUI16RI,MIG16,MIG16SR,MIG16RI,PVG16,PVG16SR,PVG16RI,UGD16,UGD16SR,UGD16RI,NM16,NM16SR,NM16RI,SLD16,SLD16SR,SLD16RI,DAG16,DAG16SR,DAG16RI,PAG16,PAG16SR,PAG16RI,USS16,USS16SR,USS16RI,GSM16,GSM16SR,GSM16RI,GSK16,GSK16SR,GSK16RI,KGD16,KGD16SR,KGD16RI,KPD16,KPD16SR,KPD16RI,M16,M16SR,M16RI,ZNP16,ZNP16SR,ZNP16RI,RIP16,RIP16SR,RIP16RI,STP16,STP16SR,STP16RI,KPO16,KPO16SR,KPO16RI,NII16,NII16SR,NII16SI,INI16,INI16SR,INI16RI,PVI16,PVI16SR,PVI16RI,KNI16,KNI16SR,KNI16RI,NG16,NG16SR,NG16RI,PVA16,PVA16SR,PVA16RI,MMA16,MMA16SR,MMA16RI,EDD16,EDD16SR,EDD16RI
Alytaus m. sav.,Alytaus,1.80,2.38,2.08,2.40,2.10,2.00,2.13,1.60,2.23,1.92,2.20,2.10,2.25,2.05,10.30,4.80,2.00,39.60,3.60,2.00,16.20,4.50,2.00,13.40,7.10,3.00,2.88,2.40,1.00,88.70,10.00,3.00,0.00,0.00,1.00,0.04,7.70,3.00,98.00,9.80,3.00,49.00,3.50,2.00,0.00,0.00,1.00,502.23,7.70,3.00,99.00,9.90,3.00,36.00,6.20,2.00,545.00,4.00,2.00,1.50,2.40,1.00,1.10,2.60,1.00,4.60,4.40,2.00,50.20,8.30,3.00,-0.03,0.60,1.00,4.60,3.40,2.00,63.00,5.50,2.00,23.00,5.70,2.00,5.10,6.40,2.00,-23.86,2.70,1.00,,,,,,,75.00,10.00,3.00,33.00,4.60,2.00,15.00,1.90,1.00,4.36,1.40,1.00,10.00,7.10,3.00,31.50,10.00,3.00,0.00,0.00,1.00,,,,14.30,2.00,1.00,0.00,0.00,1.00,,,,0.00,0.00,1.00,78.50,8.10,3.00,,,
Alytaus r. sav.,Alytaus,1.20,1.50,1.93,1.50,1.80,2.33,1.71,1.50,1.50,1.87,1.25,1.60,2.00,1.62,13.10,2.20,1.00,49.10,2.00,1.00,85.60,7.60,3.00,19.10,7.20,3.00,0.78,8.20,3.00,39.70,6.20,2.00,0.00,0.00,1.00,0.04,7.70,3.00,27.00,1.50,1.00,45.00,2.90,1.00,56.00,5.60,2.00,269.46,8.90,3.00,15.00,0.40,1.00,,,,502.00,2.20,1.00,1.00,1.60,1.00,0.70,1.30,1.00,1.50,0.50,1.00,42.50,5.10,2.00,0.00,6.20,2.00,6.30,5.90,2.00,59.00,1.80,1.00,27.00,2.90,1.00,2.70,1.60,1.00,-28.21,1.30,1.00,-16.00,3.40,2.00,6.48,8.00,3.00,34.00,3.80,2.00,25.00,3.40,2.00,57.00,7.30,3.00,5.53,3.20,1.00,12.00,7.80,3.00,5.90,2.80,1.00,21.00,1.00,1.00,,,,14.30,2.00,1.00,202.00,2.30,1.00,,,,8.50,6.50,2.00,72.70,4.40,2.00,1.80,5.60,2.00
Druskininkų sav.,Alytaus,1.70,2.00,2.27,2.60,2.25,2.25,2.18,2.20,2.23,2.33,2.40,2.17,2.50,2.31,9.90,5.20,2.00,38.70,3.80,2.00,83.80,7.80,3.00,13.00,6.70,3.00,0.40,9.20,3.00,30.60,4.40,2.00,0.00,0.00,1.00,0.07,6.10,2.00,86.00,8.40,3.00,81.00,7.70,3.00,45.00,4.50,2.00,452.43,8.00,3.00,82.00,8.00,3.00,32.00,5.50,2.00,497.00,2.00,1.00,1.90,3.00,1.00,1.10,2.60,1.00,4.10,3.80,2.00,47.10,7.00,3.00,-0.01,3.80,2.00,6.10,5.60,2.00,61.00,3.60,2.00,26.00,3.60,2.00,5.20,6.60,2.00,-27.46,1.50,1.00,-0.50,6.20,2.00,10.94,6.60,2.00,35.00,4.00,2.00,69.00,10.00,3.00,18.00,2.30,1.00,7.92,6.70,3.00,7.00,6.10,2.00,5.90,2.80,1.00,5.00,0.20,1.00,,,,26.10,3.80,2.00,44.00,0.50,1.00,,,,4.00,3.10,1.00,75.80,6.40,2.00,2.30,4.20,2.00
Lazdijų r. sav.,Alytaus,1.00,1.15,1.93,1.60,2.00,1.75,1.57,1.30,1.23,2.70,1.60,1.92,1.50,1.60,15.00,0.40,1.00,60.20,0.00,1.00,54.50,8.90,3.00,15.60,9.30,3.00,0.84,8.00,3.00,25.60,3.40,2.00,5.00,1.20,1.00,0.07,5.90,2.00,14.00,0.00,1.00,58.00,4.70,2.00,69.00,6.90,3.00,130.73,9.60,3.00,11.00,0.00,1.00,6.00,0.70,1.00,456.40,0.20,1.00,0.00,0.00,1.00,0.40,0.30,1.00,1.10,0.00,1.00,41.10,4.50,2.00,-0.02,2.80,1.00,5.10,4.10,2.00,59.00,1.80,1.00,27.00,2.90,1.00,2.40,1.00,1.00,-20.89,3.70,2.00,-26.00,1.60,1.00,11.47,6.50,2.00,29.00,2.70,1.00,36.00,5.10,2.00,46.00,5.90,2.00,7.69,6.40,2.00,24.00,8.00,3.00,4.80,1.90,1.00,11.00,0.50,1.00,,,,1.00,0.00,1.00,105.00,1.20,1.00,,,,0.00,0.00,1.00,68.00,1.50,1.00,0.90,8.10,3.00
Varėnos r. sav.,Alytaus,1.30,1.69,2.13,2.00,2.17,1.50,1.80,1.40,1.69,2.13,2.00,2.17,1.50,1.82,10.00,5.10,2.00,27.80,5.70,2.00,60.70,9.60,3.00,19.40,6.90,3.00,1.23,6.90,3.00,23.20,3.00,1.00,19.00,4.50,2.00,0.05,7.50,3.00,83.00,8.00,3.00,79.00,7.50,3.00,76.00,7.60,3.00,424.79,8.10,3.00,65.00,6.10,2.00,20.00,3.30,1.00,495.70,1.90,1.00,0.10,0.20,1.00,0.60,1.00,1.00,1.90,1.00,1.00,40.00,4.00,2.00,-0.02,3.20,1.00,4.40,3.10,1.00,59.00,1.80,1.00,28.00,2.10,1.00,2.90,2.00,1.00,-19.07,4.30,2.00,-29.90,0.90,1.00,13.98,5.70,2.00,30.00,2.90,1.00,69.00,10.00,3.00,21.00,2.70,1.00,5.69,3.40,2.00,35.00,4.20,2.00,4.00,1.30,1.00,219.00,10.00,3.00,,,,12.60,1.70,1.00,103.00,1.20,1.00,,,,2.90,2.20,1.00,71.90,3.90,2.00,0.90,8.10,3.00
Birštono sav.,Kauno,1.50,1.92,2.80,2.00,2.90,2.25,1.97,1.90,2.00,2.23,2.00,2.27,2.75,2.19,5.60,9.20,3.00,57.00,0.60,1.00,,,,12.60,6.30,2.00,0.12,10.00,3.00,48.20,7.80,3.00,0.00,0.00,1.00,0.04,8.10,3.00,68.00,6.30,2.00,62.00,5.20,2.00,0.00,0.00,1.00,90.56,9.80,3.00,63.00,5.80,2.00,22.00,3.60,2.00,496.00,1.90,1.00,0.10,0.20,1.00,1.60,4.20,2.00,2.60,1.90,1.00,39.30,3.80,2.00,-0.02,3.00,1.00,12.50,10.00,3.00,60.00,2.70,1.00,27.00,2.90,1.00,4.10,4.40,2.00,-23.75,2.70,1.00,-15.00,3.60,2.00,12.24,6.20,2.00,46.00,6.40,2.00,47.00,6.70,3.00,36.00,4.60,2.00,7.26,5.80,2.00,82.00,0.00,1.00,9.20,5.40,2.00,0.00,0.00,1.00,,,,12.00,1.70,1.00,2.00,0.00,1.00,,,,0.90,0.70,1.00,73.60,5.00,2.00,6.60,0.00,1.00
Jonavos r. sav.,Kauno,1.90,2.15,1.93,2.00,1.67,2.25,1.98,1.70,2.15,1.93,2.00,1.58,2.00,1.90,9.40,5.70,2.00,30.80,5.20,2.00,41.80,7.40,3.00,15.00,8.70,3.00,1.00,7.60,3.00,32.90,4.90,2.00,9.00,2.10,1.00,0.05,7.10,3.00,88.00,8.60,3.00,52.00,3.90,2.00,28.00,2.80,1.00,3002.81,0.00,1.00,82.00,8.00,3.00,32.00,5.50,2.00,605.00,6.60,2.00,0.20,0.30,1.00,1.60,4.20,2.00,5.40,5.40,2.00,42.10,4.90,2.00,-0.01,4.30,2.00,4.90,3.80,2.00,61.00,3.60,2.00,22.00,6.40,2.00,3.00,2.20,1.00,-18.27,4.60,2.00,-16.00,3.40,2.00,23.05,2.90,1.00,31.00,3.10,1.00,42.00,6.00,2.00,46.00,5.90,2.00,3.85,0.70,1.00,4.00,5.00,2.00,5.50,2.50,1.00,112.00,5.10,2.00,,,,27.80,4.00,2.00,1039.00,10.00,3.00,,,,4.80,3.70,2.00,78.00,7.80,3.00,1.50,6.40,2.00
Kaišiadorių r. sav.,Kauno,1.70,2.15,2.13,2.20,1.75,2.00,1.99,1.60,1.92,1.87,2.00,1.50,1.50,1.73,7.00,7.90,3.00,41.10,3.40,2.00,42.50,7.50,3.00,15.20,8.90,3.00,1.25,6.90,3.00,14.60,1.30,1.00,30.00,7.10,3.00,0.02,9.20,3.00,95.00,9.40,3.00,49.00,3.50,2.00,24.00,2.40,1.00,489.32,7.80,3.00,82.00,8.00,3.00,16.00,2.50,1.00,533.00,3.50,2.00,0.10,0.20,1.00,0.80,1.60,1.00,2.40,1.60,1.00,48.00,7.40,3.00,-0.01,3.80,2.00,4.60,3.40,2.00,64.00,6.40,2.00,22.00,6.40,2.00,2.90,2.00,1.00,-17.70,4.80,2.00,-16.00,3.40,2.00,19.64,4.00,2.00,32.00,3.30,2.00,33.00,4.60,2.00,52.00,6.70,3.00,4.49,1.60,1.00,14.00,8.50,3.00,5.70,2.60,1.00,51.00,2.30,1.00,,,,26.80,3.90,2.00,104.00,1.20,1.00,,,,3.70,2.80,1.00,74.90,5.80,2.00,2.60,3.30,2.00
Kauno m. sav.,Kauno,2.60,2.92,2.00,2.60,2.09,2.75,2.49,2.50,2.92,2.00,2.60,2.18,3.00,2.53,6.70,8.20,3.00,21.60,6.80,3.00,152.00,0.00,1.00,11.90,5.60,2.00,1.74,5.50,2.00,92.40,10.00,3.00,98.00,10.00,3.00,0.01,9.60,3.00,92.00,9.10,3.00,40.00,2.30,1.00,10.00,1.00,1.00,5369.12,0.00,1.00,89.00,8.80,3.00,40.00,6.90,3.00,607.00,6.70,3.00,4.00,6.30,2.00,2.10,5.80,2.00,7.40,8.00,3.00,50.60,8.50,3.00,-0.01,3.40,2.00,9.10,10.00,3.00,61.00,3.60,2.00,24.00,5.00,2.00,7.50,10.00,3.00,-21.40,3.50,2.00,,,,,,,62.00,10.00,3.00,18.00,2.40,1.00,13.00,1.70,1.00,7.22,5.70,2.00,13.00,8.10,3.00,189.50,10.00,3.00,0.00,0.00,1.00,,,,301.70,10.00,3.00,0.00,0.00,1.00,,,,61.00,10.00,3.00,77.00,7.10,3.00,,,
Kauno r. sav.,Kauno,2.20,2.31,2.40,2.00,1.92,2.50,2.22,2.30,2.31,2.27,1.80,1.83,2.50,2.17,6.30,8.60,3.00,23.80,6.40,2.00,17.80,4.70,2.00,13.50,7.20,3.00,0.90,7.80,3.00,42.10,6.70,2.00,18.00,4.30,2.00,0.01,9.60,3.00,62.00,5.60,2.00,45.00,2.90,1.00,15.00,1.50,1.00,452.68,8.00,3.00,52.00,4.60,2.00,2.00,0.00,1.00,568.00,5.00,2.00,1.50,2.40,1.00,1.80,4.80,2.00,4.00,3.70,2.00,45.50,6.30,2.00,0.02,10.00,3.00,16.90,10.00,3.00,64.00,6.40,2.00,19.00,8.60,3.00,4.40,5.00,2.00,-25.95,2.00,1.00,20.60,10.00,3.00,7.34,7.70,3.00,40.00,5.10,2.00,33.00,4.60,2.00,51.00,6.50,2.00,6.20,4.20,2.00,15.00,8.80,3.00,5.10,2.20,1.00,146.00,6.70,3.00,,,,16.50,2.30,1.00,1219.00,10.00,3.00,,,,2.70,2.10,1.00,76.40,6.80,3.00,2.10,4.70,2.00
Kėdainių r. sav.,Kauno,1.80,1.92,1.86,1.80,1.64,2.00,1.84,2.00,2.00,1.79,1.80,1.64,2.00,1.87,7.50,7.50,3.00,23.00,6.50,2.00,52.60,8.70,3.00,14.90,8.60,3.00,0.72,8.30,3.00,31.30,4.50,2.00,12.00,2.90,1.00,0.03,8.50,3.00,73.00,6.90,3.00,33.00,1.30,1.00,0.00,0.00,1.00,2035.44,0.10,1.00,65.00,6.10,2.00,23.00,3.80,2.00,604.00,6.50,2.00,2.90,4.60,2.00,1.50,3.90,2.00,5.70,5.80,2.00,44.00,5.70,2.00,-0.02,2.60,1.00,5.00,4.00,2.00,60.00,2.70,1.00,25.00,4.30,2.00,3.70,3.60,2.00,-22.22,3.30,1.00,-28.00,1.30,1.00,32.36,0.10,1.00,34.00,3.80,2.00,25.00,3.40,2.00,65.00,8.30,3.00,3.86,0.70,1.00,11.00,7.40,3.00,7.30,3.90,2.00,15.00,0.70,1.00,,,,38.70,5.60,2.00,53.00,0.60,1.00,,,,6.20,4.80,2.00,68.50,1.80,1.00,0.50,9.20,3.00
Prienų r. sav.,Kauno,1.50,1.69,2.27,1.60,1.67,1.75,1.75,1.30,1.46,2.07,1.60,1.58,1.50,1.59,6.80,8.10,3.00,32.00,5.00,2.00,53.10,8.70,3.00,17.00,9.30,3.00,0.77,8.20,3.00,35.60,5.40,2.00,8.00,1.90,1.00,0.03,8.50,3.00,46.00,3.70,2.00,41.00,2.40,1.00,36.00,3.60,2.00,128.14,9.60,3.00,33.00,2.50,1.00,9.00,1.30,1.00,478.00,1.20,1.00,0.00,0.00,1.00,0.50,0.60,1.00,1.90,1.00,1.00,42.30,5.00,2.00,-0.01,4.00,2.00,4.40,3.10,1.00,60.00,2.70,1.00,26.00,3.60,2.00,2.80,1.80,1.00,-20.15,3.90,2.00,-24.00,2.00,1.00,11.60,6.40,2.00,26.00,2.00,1.00,28.00,3.90,2.00,58.00,7.40,3.00,4.50,1.60,1.00,15.00,8.80,3.00,5.70,2.60,1.00,29.00,1.30,1.00,,,,9.70,1.30,1.00,329.00,3.70,2.00,,,,1.40,1.10,1.00,71.30,3.60,2.00,2.30,4.20,2.00
Raseinių r. sav.,Kauno,1.20,1.54,1.87,1.80,1.42,1.50,1.55,1.50,1.54,1.73,1.60,1.33,1.50,1.53,9.00,6.00,2.00,25.60,6.10,2.00,54.40,8.90,3.00,14.90,8.60,3.00,1.86,5.20,2.00,28.10,3.90,2.00,0.00,0.00,1.00,0.04,7.80,3.00,68.00,6.30,2.00,33.00,1.30,1.00,58.00,5.80,2.00,279.69,8.80,3.00,45.00,3.80,2.00,9.00,1.30,1.00,491.00,1.70,1.00,0.70,1.10,1.00,0.90,1.90,1.00,2.90,2.30,1.00,43.70,5.60,2.00,-0.02,3.20,1.00,4.40,3.10,1.00,60.00,2.70,1.00,25.00,4.30,2.00,3.00,2.20,1.00,-16.92,5.00,2.00,-25.00,1.80,1.00,19.61,4.00,2.00,31.00,3.10,1.00,24.00,3.30,1.00,67.00,8.60,3.00,4.20,1.20,1.00,11.00,7.40,3.00,4.40,1.60,1.00,15.00,0.70,1.00,,,,11.80,1.60,1.00,75.00,0.90,1.00,,,,2.90,2.20,1.00,68.40,1.80,1.00,3.20,1.70,1.00
Klaipėdos m. sav.,Klaipėdos,2.70,2.77,1.93,2.60,1.73,1.75,2.25,2.60,2.85,1.93,2.40,1.82,2.25,2.31,6.40,8.50,3.00,12.80,8.30,3.00,170.00,0.00,1.00,11.00,4.60,2.00,1.50,6.20,2.00,84.10,10.00,3.00,93.00,10.00,3.00,0.02,9.20,3.00,91.00,9.00,3.00,55.00,4.30,2.00,33.00,3.30,1.00,2959.69,0.00,1.00,87.00,8.50,3.00,31.00,5.30,2.00,633.60,7.80,3.00,5.50,8.70,3.00,3.40,10.00,3.00,9.00,10.00,3.00,49.80,8.10,3.00,-0.02,2.60,1.00,3.80,2.20,1.00,61.00,3.60,2.00,22.00,6.40,2.00,6.90,10.00,3.00,-20.02,4.00,2.00,,,,,,,84.00,10.00,3.00,20.00,2.70,1.00,18.00,2.30,1.00,8.06,6.90,3.00,10.00,7.10,3.00,88.60,10.00,3.00,0.00,0.00,1.00,,,,124.10,10.00,3.00,0.00,0.00,1.00,,,,28.80,10.00,3.00,78.00,7.80,3.00,,,
Klaipėdos r. sav.,Klaipėdos,2.40,2.38,2.40,2.60,2.25,2.75,2.46,2.60,2.46,2.53,2.60,2.25,2.75,2.53,6.00,8.90,3.00,3.30,10.00,3.00,29.10,6.00,2.00,12.40,6.10,2.00,1.40,6.50,2.00,37.60,5.80,2.00,11.00,2.60,1.00,0.03,8.90,3.00,91.00,9.00,3.00,47.00,3.20,1.00,70.00,7.00,3.00,1189.26,4.30,2.00,87.00,8.50,3.00,31.00,5.30,2.00,555.00,4.40,2.00,3.50,5.60,2.00,4.60,10.00,3.00,5.10,5.10,2.00,46.00,6.50,2.00,0.02,10.00,3.00,22.70,10.00,3.00,64.00,6.40,2.00,18.00,9.30,3.00,4.60,5.40,2.00,-4.89,9.00,3.00,27.60,10.00,3.00,4.03,8.80,3.00,37.00,4.40,2.00,26.00,3.60,2.00,52.00,6.70,3.00,8.84,8.10,3.00,20.00,9.40,3.00,10.90,6.80,3.00,105.00,4.80,2.00,14.50,10.00,3.00,15.10,2.10,1.00,1068.00,10.00,3.00,28.00,10.00,3.00,4.30,3.30,1.00,76.20,6.60,2.00,1.50,6.40,2.00
Kretingos r. sav.,Klaipėdos,1.80,1.92,2.33,1.50,2.00,2.67,2.04,1.70,1.75,2.20,1.50,1.80,2.00,1.83,4.90,9.90,3.00,12.80,8.30,3.00,50.60,8.40,3.00,13.30,7.00,3.00,1.10,7.30,3.00,34.20,5.10,2.00,17.00,4.00,2.00,0.01,9.70,3.00,27.00,1.50,1.00,44.00,2.80,1.00,57.00,5.70,2.00,130.04,9.60,3.00,23.00,1.30,1.00,,,,489.00,1.60,1.00,0.30,0.50,1.00,1.00,2.30,1.00,2.50,1.80,1.00,54.20,10.00,3.00,-0.01,4.30,2.00,7.90,8.20,3.00,61.00,3.60,2.00,22.00,6.40,2.00,3.80,3.80,2.00,-15.32,5.50,2.00,-13.00,4.00,2.00,13.54,5.80,2.00,31.00,3.10,1.00,35.00,4.90,2.00,56.00,7.20,3.00,4.87,2.20,1.00,15.00,8.80,3.00,14.90,10.00,3.00,5.00,0.20,1.00,9.20,6.30,2.00,13.90,1.90,1.00,60.00,0.70,1.00,27.00,9.60,3.00,3.30,2.50,1.00,72.00,4.00,2.00,1.80,5.60,2.00
Neringos sav.,Klaipėdos,2.30,2.00,2.29,2.75,2.88,3.00,2.54,2.30,2.00,2.31,2.50,2.71,3.00,2.47,5.30,9.50,3.00,48.00,2.10,1.00,32.30,6.40,2.00,34.50,0.00,1.00,1.00,7.60,3.00,23.30,3.00,1.00,4.00,1.00,1.00,0.06,6.40,2.00,97.00,9.70,3.00,98.00,10.00,3.00,,10.00,3.00,53.88,10.00,3.00,99.00,9.90,3.00,,,,506.00,2.40,1.00,2.80,4.40,2.00,2.00,5.50,2.00,6.70,7.10,3.00,72.80,10.00,3.00,0.02,10.00,3.00,24.80,10.00,3.00,68.00,10.00,3.00,17.00,10.00,3.00,11.00,10.00,3.00,26.57,10.00,3.00,,,,,,,95.00,10.00,3.00,83.00,10.00,3.00,0.00,0.00,1.00,10.11,10.00,3.00,100.00,0.00,1.00,48.00,10.00,3.00,0.00,0.00,1.00,,,,3.70,0.40,1.00,0.00,0.00,1.00,,,,0.20,0.20,1.00,74.00,5.30,2.00,,,
Palangos m. sav.,Klaipėdos,2.10,2.42,1.93,2.75,2.00,2.67,2.31,2.20,2.25,1.93,3.00,2.22,3.00,2.43,8.00,7.00,3.00,16.40,7.70,3.00,204.00,0.00,1.00,15.20,8.90,3.00,1.50,6.20,2.00,59.20,10.00,3.00,0.00,0.00,1.00,0.01,10.00,3.00,96.00,9.50,3.00,67.00,5.90,2.00,23.00,2.30,1.00,272.52,8.90,3.00,95.00,9.40,3.00,,,,467.00,0.70,1.00,2.30,3.70,2.00,2.20,6.10,2.00,4.90,4.80,2.00,45.70,6.40,2.00,0.00,6.00,2.00,28.40,10.00,3.00,60.00,2.70,1.00,26.00,3.60,2.00,7.60,10.00,3.00,-11.81,6.70,3.00,,,,,,,43.00,5.80,2.00,39.00,5.50,2.00,32.00,4.10,2.00,9.02,8.40,3.00,5.00,5.40,2.00,32.10,10.00,3.00,3.00,0.10,1.00,1.30,0.70,1.00,36.50,5.30,2.00,24.00,0.30,1.00,7.00,2.50,1.00,4.50,3.50,2.00,71.90,3.90,2.00,,,
Skuodo r. sav.,Klaipėdos,1.20,1.54,2.20,1.80,1.83,1.50,1.68,1.50,1.62,2.00,1.60,1.67,1.50,1.65,8.00,7.00,3.00,46.70,2.40,1.00,13.10,4.20,2.00,16.60,9.70,3.00,0.60,8.70,3.00,33.30,4.90,2.00,0.00,0.00,1.00,0.03,8.50,3.00,59.00,5.20,2.00,29.00,0.80,1.00,67.00,6.70,3.00,97.04,9.70,3.00,42.00,3.50,2.00,10.00,1.50,1.00,465.00,0.60,1.00,0.20,0.30,1.00,0.30,0.00,1.00,1.20,0.10,1.00,49.80,8.10,3.00,-0.02,1.70,1.00,3.40,1.60,1.00,60.00,2.70,1.00,26.00,3.60,2.00,2.60,1.40,1.00,-26.44,1.80,1.00,-31.00,0.70,1.00,5.78,8.20,3.00,28.00,2.40,1.00,42.00,6.00,2.00,71.00,9.10,3.00,4.01,0.90,1.00,39.00,2.80,1.00,5.00,2.10,1.00,1.00,0.00,1.00,,,,2.30,0.20,1.00,16.00,0.20,1.00,,,,0.00,0.00,1.00,66.50,0.60,1.00,0.80,8.30,3.00
Šilutės r. sav.,Klaipėdos,1.30,1.38,1.93,2.20,1.83,1.75,1.73,1.60,1.62,2.00,2.00,1.75,1.75,1.79,12.20,3.00,1.00,23.00,6.50,2.00,86.50,7.50,3.00,14.80,8.50,3.00,0.90,7.80,3.00,19.50,2.20,1.00,0.00,0.00,1.00,0.05,7.60,3.00,70.00,6.50,2.00,52.00,3.90,2.00,59.00,5.90,2.00,394.02,8.30,3.00,58.00,5.30,2.00,10.00,1.50,1.00,487.00,1.50,1.00,0.90,1.40,1.00,0.70,1.30,1.00,2.60,1.90,1.00,34.30,1.70,1.00,-0.02,1.30,1.00,5.30,4.40,2.00,62.00,4.50,2.00,22.00,6.40,2.00,3.70,3.60,2.00,-23.07,3.00,1.00,-27.00,1.40,1.00,5.05,8.50,3.00,22.00,1.10,1.00,11.00,1.30,1.00,49.00,6.30,2.00,8.53,7.60,3.00,10.00,7.10,3.00,5.70,2.60,1.00,111.00,5.10,2.00,0.30,0.00,1.00,15.00,2.10,1.00,415.00,4.70,2.00,15.00,5.40,2.00,3.90,3.00,1.00,70.70,3.20,1.00,0.60,8.90,3.00
Kalvarijos sav.,Marijampolės,1.30,1.50,2.00,1.50,1.60,1.67,1.59,1.40,1.50,1.93,1.50,1.60,1.67,1.60,14.60,0.80,1.00,34.50,4.50,2.00,36.10,6.80,3.00,11.50,5.10,2.00,0.63,8.60,3.00,25.80,3.50,2.00,1.00,0.20,1.00,0.05,7.10,3.00,,,,29.00,0.80,1.00,65.00,6.50,2.00,185.19,9.30,3.00,,,,,,,455.00,0.20,1.00,0.00,0.00,1.00,0.60,1.00,1.00,1.50,0.50,1.00,37.10,2.80,1.00,-0.02,2.60,1.00,4.00,2.50,1.00,61.00,3.60,2.00,21.00,7.10,3.00,1.90,0.00,1.00,-16.99,5.00,2.00,-19.00,2.90,1.00,11.38,6.50,2.00,29.00,2.70,1.00,14.00,1.80,1.00,73.00,9.40,3.00,3.91,0.80,1.00,47.00,0.00,1.00,5.20,2.20,1.00,36.00,1.60,1.00,,,,1.80,0.10,1.00,111.00,1.30,1.00,,,,0.90,0.70,1.00,72.30,4.20,2.00,1.30,6.90,3.00
Kazlų Rūdos sav.,Marijampolės,1.70,1.77,1.80,1.40,1.58,1.75,1.67,1.80,1.77,1.87,1.40,1.58,1.75,1.69,11.40,3.80,2.00,37.90,3.90,2.00,33.00,6.40,2.00,26.20,0.00,1.00,0.90,7.80,3.00,14.00,1.20,1.00,38.00,9.00,3.00,0.03,8.30,3.00,63.00,5.70,2.00,69.00,6.10,2.00,62.00,6.20,2.00,729.74,6.60,2.00,65.00,6.10,2.00,16.00,2.50,1.00,573.00,5.20,2.00,7.40,10.00,3.00,1.10,2.60,1.00,4.90,4.80,2.00,42.00,4.90,2.00,-0.02,2.80,1.00,5.30,4.40,2.00,60.00,2.70,1.00,23.00,5.70,2.00,3.30,2.80,1.00,-16.81,5.00,2.00,-17.00,3.20,1.00,12.22,6.30,2.00,23.00,1.30,1.00,60.00,8.70,3.00,30.00,3.80,2.00,4.93,2.30,1.00,4.00,5.00,2.00,2.40,0.00,1.00,2.00,0.10,1.00,,,,1.90,0.10,1.00,0.00,0.00,1.00,,,,1.50,1.20,1.00,74.70,5.70,2.00,2.10,4.70,2.00
Marijampolės sav.,Marijampolės,1.80,2.23,2.70,2.20,1.75,2.00,2.01,1.90,2.31,2.20,2.20,1.75,2.00,2.60,8.00,7.00,3.00,27.90,5.70,2.00,73.70,8.90,3.00,12.80,6.50,2.00,0.80,8.10,3.00,36.20,5.50,2.00,27.00,6.40,2.00,0.04,7.80,3.00,87.00,8.50,3.00,24.00,0.10,1.00,52.00,5.20,2.00,931.34,5.60,2.00,79.00,7.60,3.00,22.00,3.60,2.00,518.00,2.90,1.00,0.40,0.60,1.00,1.90,5.20,2.00,4.00,3.70,2.00,,10.00,3.00,-0.02,1.90,1.00,5.60,4.90,2.00,63.00,5.50,2.00,21.00,7.10,3.00,4.30,4.80,2.00,-22.76,3.10,1.00,-12.00,4.10,2.00,13.12,6.00,2.00,35.00,4.00,2.00,15.00,1.90,1.00,71.00,9.10,3.00,4.42,1.50,1.00,15.00,8.80,3.00,8.00,4.50,2.00,0.00,0.00,1.00,,,,30.10,4.40,2.00,0.00,0.00,1.00,,,,5.00,3.80,2.00,76.10,6.60,2.00,0.40,9.40,3.00
Šakių r. sav.,Marijampolės,1.30,1.46,1.87,1.80,1.42,1.50,1.56,1.40,1.46,1.80,1.60,1.25,1.50,1.50,9.60,5.50,2.00,53.80,1.10,1.00,43.20,7.60,3.00,16.70,9.60,3.00,0.82,8.10,3.00,8.10,0.00,1.00,2.00,0.50,1.00,0.04,7.70,3.00,71.00,6.60,2.00,30.00,0.90,1.00,7.00,0.70,1.00,222.63,9.10,3.00,43.00,3.60,2.00,6.00,0.70,1.00,487.00,1.50,1.00,0.50,0.80,1.00,0.90,1.90,1.00,1.50,0.50,1.00,39.10,3.70,2.00,-0.02,2.80,1.00,3.30,1.50,1.00,61.00,3.60,2.00,24.00,5.00,2.00,2.70,1.60,1.00,-18.20,4.60,2.00,-25.00,1.80,1.00,15.94,5.10,2.00,30.00,2.90,1.00,23.00,3.10,1.00,68.00,8.70,3.00,4.39,1.50,1.00,5.00,5.40,2.00,4.80,1.90,1.00,25.00,1.10,1.00,,,,15.30,2.10,1.00,0.00,0.00,1.00,,,,3.60,2.80,1.00,73.40,4.90,2.00,1.60,6.10,2.00
Vilkaviškio r. sav.,Marijampolės,1.20,1.69,1.93,1.80,1.50,1.50,1.60,1.30,1.77,1.87,1.80,1.50,1.50,1.62,10.00,5.10,2.00,38.70,3.80,2.00,46.20,7.90,3.00,15.00,8.70,3.00,0.55,8.80,3.00,31.40,4.60,2.00,23.00,5.50,2.00,0.05,7.00,3.00,66.00,6.00,2.00,23.00,0.00,1.00,35.00,3.50,2.00,190.33,9.30,3.00,49.00,4.30,2.00,10.00,1.50,1.00,466.10,0.60,1.00,0.10,0.20,1.00,0.50,0.60,1.00,1.50,0.50,1.00,37.30,2.90,1.00,-0.02,1.50,1.00,4.00,2.50,1.00,60.00,2.70,1.00,24.00,5.00,2.00,2.20,0.60,1.00,-22.09,3.30,1.00,-24.00,2.00,1.00,18.21,4.40,2.00,34.00,3.80,2.00,11.00,1.30,1.00,78.00,10.00,3.00,4.29,1.30,1.00,9.00,6.80,3.00,7.00,3.70,2.00,21.00,1.00,1.00,,,,28.50,4.10,2.00,182.00,2.10,1.00,,,,3.00,2.30,1.00,68.90,2.10,1.00,1.20,7.20,3.00
Biržų r. sav.,Panevėžio,1.20,1.31,1.73,1.40,1.75,1.75,1.52,1.20,1.31,1.73,1.40,1.75,1.75,1.52,8.90,6.10,2.00,37.80,3.90,2.00,59.20,9.40,3.00,22.30,3.90,2.00,3.73,0.00,1.00,34.50,5.20,2.00,0.00,0.00,1.00,0.10,4.30,2.00,35.00,2.40,1.00,36.00,1.70,1.00,32.00,3.20,1.00,225.97,9.10,3.00,40.00,3.30,1.00,10.00,1.50,1.00,490.80,1.70,1.00,0.50,0.80,1.00,0.50,0.60,1.00,1.80,0.90,1.00,45.20,6.20,2.00,-0.02,2.30,1.00,4.80,3.70,2.00,59.00,1.80,1.00,28.00,2.10,1.00,2.80,1.80,1.00,-26.04,2.00,1.00,-30.20,0.90,1.00,31.36,0.40,1.00,24.00,1.60,1.00,27.00,3.70,2.00,63.00,8.10,3.00,4.46,1.60,1.00,22.00,8.70,3.00,5.60,2.60,1.00,20.00,0.90,1.00,,,,21.70,3.10,1.00,125.00,1.40,1.00,,,,2.90,2.20,1.00,70.70,3.20,1.00,0.40,9.40,3.00
Kupiškio r. sav.,Panevėžio,1.20,1.54,1.60,1.80,1.42,1.50,1.51,1.00,1.38,1.47,1.80,1.50,1.75,1.48,12.40,2.80,1.00,34.10,4.60,2.00,45.30,7.80,3.00,20.30,6.00,2.00,1.00,7.60,3.00,34.20,5.10,2.00,7.00,1.70,1.00,0.08,5.20,2.00,72.00,6.70,3.00,41.00,2.40,1.00,29.00,2.90,1.00,322.89,8.60,3.00,61.00,5.60,2.00,19.00,3.10,1.00,465.00,0.60,1.00,0.20,0.30,1.00,0.50,0.60,1.00,1.90,1.00,1.00,36.20,2.50,1.00,-0.02,2.10,1.00,3.60,1.90,1.00,59.00,1.80,1.00,27.00,2.90,1.00,2.70,1.60,1.00,-22.04,3.30,1.00,-29.00,1.10,1.00,25.89,2.10,1.00,28.00,2.40,1.00,30.00,4.20,2.00,58.00,7.40,3.00,4.40,1.50,1.00,10.00,7.10,3.00,6.90,3.60,2.00,54.00,2.50,1.00,,,,9.00,1.20,1.00,293.00,3.30,2.00,,,,1.20,0.90,1.00,71.10,3.40,2.00,0.70,8.60,3.00
Panevėžio m. sav.,Panevėžio,2.20,2.54,1.86,2.20,1.55,1.75,2.02,2.00,2.54,1.93,2.20,1.73,2.25,2.11,7.40,7.50,3.00,30.70,5.20,2.00,18.70,4.80,2.00,11.90,5.60,2.00,1.54,6.10,2.00,92.00,10.00,3.00,100.00,10.00,3.00,0.06,6.60,2.00,97.00,9.70,3.00,27.00,0.50,1.00,8.00,0.80,1.00,2049.04,0.00,1.00,97.00,9.70,3.00,32.00,5.50,2.00,566.00,4.90,2.00,2.80,4.40,2.00,1.40,3.50,2.00,5.60,5.70,2.00,51.00,8.60,3.00,-0.02,1.50,1.00,4.50,3.20,1.00,61.00,3.60,2.00,24.00,5.00,2.00,6.10,8.40,3.00,-21.84,3.40,2.00,,,,,,,60.00,9.60,3.00,2.00,0.00,1.00,30.00,3.80,2.00,3.40,0.00,1.00,1.00,4.00,2.00,91.20,10.00,3.00,0.00,0.00,1.00,,,,67.90,10.00,3.00,0.00,0.00,1.00,,,,18.50,10.00,3.00,77.70,7.60,3.00,,,
Panevėžio r. sav.,Panevėžio,1.60,1.92,1.80,2.50,2.10,2.67,2.10,1.80,2.00,1.80,2.25,1.80,2.00,1.94,8.60,6.40,2.00,33.70,4.70,2.00,131.00,2.40,1.00,20.00,6.30,2.00,1.53,6.10,2.00,28.90,4.10,2.00,16.00,3.80,2.00,0.06,6.60,2.00,97.00,9.70,3.00,42.00,2.50,1.00,4.00,0.40,1.00,322.60,8.60,3.00,97.00,9.70,3.00,,,,496.00,1.90,1.00,1.20,1.90,1.00,0.80,1.60,1.00,2.80,2.20,1.00,45.00,6.10,2.00,0.00,6.00,2.00,7.30,7.40,3.00,62.00,4.50,2.00,23.00,5.70,2.00,3.70,3.60,2.00,-15.06,5.60,2.00,-14.00,3.80,2.00,24.19,2.60,1.00,30.00,2.90,1.00,35.00,4.90,2.00,56.00,7.20,3.00,4.62,1.80,1.00,20.00,9.40,3.00,3.90,1.20,1.00,9.00,0.40,1.00,,,,47.70,7.00,3.00,248.00,2.80,1.00,,,,2.40,1.80,1.00,75.60,6.30,2.00,0.20,10.00,3.00
Pasvalio r. sav.,Panevėžio,1.20,1.54,1.60,1.80,1.25,1.50,1.48,1.50,1.69,1.67,1.80,1.25,1.50,1.57,12.10,3.10,1.00,39.00,3.70,2.00,65.30,9.90,3.00,16.10,9.80,3.00,1.11,7.30,3.00,33.10,4.90,2.00,0.00,0.00,1.00,0.08,5.20,2.00,95.00,9.40,3.00,23.00,0.00,1.00,5.00,0.50,1.00,456.21,7.90,3.00,67.00,6.30,2.00,11.00,1.60,1.00,488.00,1.60,1.00,0.30,0.50,1.00,0.80,1.60,1.00,1.70,0.80,1.00,35.90,2.30,1.00,-0.03,1.10,1.00,3.60,1.90,1.00,60.00,2.70,1.00,25.00,4.30,2.00,2.40,1.00,1.00,-20.56,3.80,2.00,-29.20,1.00,1.00,23.26,2.90,1.00,29.00,2.70,1.00,17.00,2.20,1.00,75.00,9.60,3.00,4.15,1.10,1.00,7.00,6.10,2.00,5.30,2.30,1.00,6.00,0.30,1.00,,,,12.00,1.70,1.00,0.00,0.00,1.00,,,,4.50,3.50,2.00,72.20,4.10,2.00,0.60,8.90,3.00
Rokiškio r. sav.,Panevėžio,1.30,1.69,1.67,1.80,1.50,1.50,1.58,1.60,1.69,1.73,1.80,1.58,1.75,1.69,11.30,3.90,2.00,46.90,2.30,1.00,192.00,0.00,1.00,16.40,9.90,3.00,1.03,7.50,3.00,32.00,4.70,2.00,11.00,2.60,1.00,0.09,4.70,2.00,72.00,6.70,3.00,47.00,3.20,1.00,57.00,5.70,2.00,713.23,6.70,3.00,59.00,5.40,2.00,17.00,2.70,1.00,507.00,2.40,1.00,0.50,0.80,1.00,0.90,1.90,1.00,2.70,2.00,1.00,34.70,1.80,1.00,-0.02,2.30,1.00,3.10,1.20,1.00,60.00,2.70,1.00,27.00,2.90,1.00,2.90,2.00,1.00,-29.85,0.70,1.00,-22.00,2.30,1.00,27.39,1.60,1.00,41.00,5.30,2.00,29.00,4.00,2.00,55.00,7.10,3.00,5.27,2.80,1.00,6.00,5.70,2.00,4.60,1.80,1.00,103.00,4.70,2.00,,,,8.60,1.10,1.00,271.00,3.10,1.00,,,,5.40,4.20,2.00,76.70,6.90,3.00,1.00,7.80,3.00
Akmenės r. sav.,Šiaulių,1.60,1.73,1.93,1.33,1.50,1.25,1.56,1.80,1.73,1.93,1.33,1.50,1.25,1.59,13.60,1.70,1.00,40.50,3.50,2.00,37.10,6.90,3.00,14.50,8.20,3.00,0.40,9.20,3.00,25.60,3.40,2.00,18.00,4.30,2.00,0.08,5.70,2.00,,,,41.00,2.40,1.00,45.00,4.50,2.00,4910.17,0.00,1.00,,,,26.00,4.40,2.00,544.00,4.00,2.00,3.90,6.20,2.00,1.80,4.80,2.00,2.90,2.30,1.00,30.30,0.00,1.00,-0.02,1.70,1.00,3.60,1.90,1.00,59.00,1.80,1.00,6.00,10.00,3.00,2.60,1.40,1.00,-32.01,0.00,1.00,-30.00,0.90,1.00,26.99,1.70,1.00,31.00,3.10,1.00,33.00,4.60,2.00,57.00,7.30,3.00,3.73,0.50,1.00,15.00,8.80,3.00,4.80,1.90,1.00,316.00,10.00,3.00,,,,13.80,1.90,1.00,878.00,10.00,3.00,,,,1.60,1.20,1.00,76.80,7.00,3.00,0.70,8.60,3.00
Joniškio r. sav.,Šiaulių,1.30,1.46,1.93,1.80,1.64,1.75,1.65,1.40,1.54,1.79,1.60,1.36,1.50,1.53,11.20,4.00,2.00,47.80,2.20,1.00,52.10,8.60,3.00,15.40,9.10,3.00,0.50,8.90,3.00,29.30,4.10,2.00,0.00,0.00,1.00,0.10,4.00,2.00,71.00,6.60,2.00,24.00,0.10,1.00,0.00,0.00,1.00,198.17,9.20,3.00,59.00,5.40,2.00,11.00,1.60,1.00,486.20,1.50,1.00,0.10,0.20,1.00,0.70,1.30,1.00,1.70,0.80,1.00,36.70,2.70,1.00,-0.02,1.70,1.00,4.80,3.70,2.00,61.00,3.60,2.00,25.00,4.30,2.00,3.00,2.20,1.00,-23.14,2.90,1.00,-31.00,0.70,1.00,24.91,2.40,1.00,26.00,2.00,1.00,20.00,2.70,1.00,73.00,9.40,3.00,4.05,1.00,1.00,11.00,7.40,3.00,5.10,2.20,1.00,63.00,2.90,1.00,,,,7.60,1.00,1.00,243.00,2.80,1.00,,,,1.50,1.20,1.00,72.80,4.50,2.00,0.30,9.70,3.00
Kelmės r. sav.,Šiaulių,1.10,1.46,1.87,2.00,1.67,1.50,1.60,1.10,1.46,1.73,1.80,1.50,1.50,1.52,13.50,1.80,1.00,49.20,1.90,1.00,68.50,9.50,3.00,15.90,9.60,3.00,1.30,6.70,3.00,31.60,4.60,2.00,0.00,0.00,1.00,0.06,6.50,2.00,73.00,6.90,3.00,44.00,2.80,1.00,80.00,8.00,3.00,206.11,9.20,3.00,49.00,4.30,2.00,9.00,1.30,1.00,469.70,0.80,1.00,0.00,0.00,1.00,0.40,0.30,1.00,1.50,0.50,1.00,41.50,4.70,2.00,-0.02,1.50,1.00,2.30,0.00,1.00,60.00,2.70,1.00,26.00,3.60,2.00,2.70,1.60,1.00,-23.45,2.80,1.00,-33.00,0.40,1.00,25.63,2.10,1.00,20.00,0.70,1.00,33.00,4.60,2.00,57.00,7.30,3.00,4.44,1.50,1.00,14.00,8.50,3.00,6.20,3.00,1.00,86.00,3.90,2.00,,,,3.50,0.40,1.00,142.00,1.60,1.00,,,,2.20,1.70,1.00,74.80,5.80,2.00,1.70,5.80,2.00
Pakruojo r. sav.,Šiaulių,1.20,1.62,1.86,2.00,1.55,1.50,1.62,1.40,1.62,1.71,1.80,1.45,1.50,1.58,8.90,6.10,2.00,36.10,4.20,2.00,43.30,7.60,3.00,20.30,6.00,2.00,0.70,8.40,3.00,30.10,4.30,2.00,0.00,0.00,1.00,0.08,5.20,2.00,76.00,7.20,3.00,27.00,0.50,1.00,0.00,0.00,1.00,190.42,9.30,3.00,62.00,5.70,2.00,10.00,1.50,1.00,506.80,2.40,1.00,1.90,3.00,1.00,0.90,1.90,1.00,2.00,1.10,1.00,36.30,2.50,1.00,-0.03,1.10,1.00,3.80,2.20,1.00,60.00,2.70,1.00,24.00,5.00,2.00,3.00,2.20,1.00,-21.42,3.50,2.00,-32.00,0.50,1.00,24.29,2.50,1.00,33.00,3.60,2.00,20.00,2.70,1.00,72.00,9.20,3.00,4.26,1.30,1.00,12.00,7.80,3.00,6.90,3.60,2.00,98.00,4.50,2.00,,,,3.50,0.40,1.00,1284.00,10.00,3.00,,,,1.40,1.10,1.00,69.80,2.60,1.00,0.40,9.40,3.00
Radviliškio r. sav.,Šiaulių,1.30,1.85,1.87,2.00,1.50,1.75,1.71,1.50,1.85,1.80,2.00,1.50,1.75,1.73,10.70,4.40,2.00,39.60,3.60,2.00,36.60,6.90,3.00,15.40,9.10,3.00,1.00,7.60,3.00,25.90,3.50,2.00,28.00,6.70,3.00,0.07,6.00,2.00,77.00,7.30,3.00,33.00,1.30,1.00,25.00,2.50,1.00,677.12,6.80,3.00,72.00,6.90,3.00,18.00,2.90,1.00,468.80,0.80,1.00,0.40,0.60,1.00,0.80,1.60,1.00,2.50,1.80,1.00,42.60,5.10,2.00,-0.02,1.70,1.00,5.00,4.00,2.00,60.00,2.70,1.00,24.00,5.00,2.00,2.70,1.60,1.00,-22.16,3.30,1.00,-31.00,0.70,1.00,22.22,3.20,1.00,24.00,1.60,1.00,26.00,3.60,2.00,65.00,8.30,3.00,4.73,2.00,1.00,10.00,7.10,3.00,4.90,2.00,1.00,170.00,7.80,3.00,,,,12.30,1.70,1.00,263.00,3.00,1.00,,,,2.60,2.00,1.00,73.40,4.90,2.00,0.30,9.70,3.00
Šiaulių m. sav.,Šiaulių,2.10,2.54,1.93,2.40,1.91,2.00,2.15,2.10,2.69,2.70,2.20,2.00,2.50,2.26,5.30,9.50,3.00,21.10,6.90,3.00,132.70,2.20,1.00,12.60,6.30,2.00,1.70,5.60,2.00,76.20,10.00,3.00,97.00,10.00,3.00,0.08,5.20,2.00,96.00,9.50,3.00,44.00,2.80,1.00,16.00,1.60,1.00,964.39,5.40,2.00,98.00,9.80,3.00,36.00,6.20,2.00,537.10,3.70,2.00,1.00,1.60,1.00,2.00,5.50,2.00,6.20,6.50,2.00,49.50,8.00,3.00,-0.02,3.20,1.00,5.40,4.60,2.00,62.00,4.50,2.00,22.00,6.40,2.00,6.10,8.40,3.00,-23.08,3.00,1.00,,,,,,,54.00,8.20,3.00,6.00,0.60,1.00,15.00,1.90,1.00,3.51,0.20,1.00,19.00,9.80,3.00,42.00,10.00,3.00,3.00,0.10,1.00,,,,102.30,10.00,3.00,0.00,0.00,1.00,,,,13.00,10.00,3.00,75.30,6.10,2.00,,,
Šiaulių r. sav.,Šiaulių,1.70,1.77,2.13,1.60,2.00,2.50,1.95,1.70,1.69,2.00,1.40,1.83,2.25,1.81,7.90,7.10,3.00,29.80,5.30,2.00,28.00,5.90,2.00,16.80,9.50,3.00,1.30,6.70,3.00,33.10,4.90,2.00,27.00,6.40,2.00,0.08,5.20,2.00,46.00,3.70,2.00,45.00,2.90,1.00,29.00,2.90,1.00,258.89,8.90,3.00,40.00,3.30,1.00,10.00,1.50,1.00,482.60,1.40,1.00,0.50,0.80,1.00,1.10,2.60,1.00,2.30,1.50,1.00,46.70,6.80,3.00,0.00,7.20,3.00,11.50,10.00,3.00,62.00,4.50,2.00,23.00,5.70,2.00,3.40,3.00,1.00,-20.90,3.70,2.00,-19.00,2.90,1.00,16.53,4.90,2.00,24.00,1.60,1.00,35.00,4.90,2.00,55.00,7.10,3.00,5.22,2.70,1.00,17.00,9.50,3.00,7.50,4.10,2.00,55.00,2.50,1.00,,,,8.90,1.20,1.00,434.00,4.90,2.00,,,,3.00,2.30,1.00,71.40,3.60,2.00,0.40,9.40,3.00
Jurbarko r. sav.,Tauragės,1.00,1.31,1.93,1.80,1.58,1.50,1.52,1.20,1.38,2.00,1.80,1.67,1.75,1.63,13.40,1.90,1.00,42.40,3.10,1.00,66.00,9.80,3.00,18.50,7.80,3.00,0.80,8.10,3.00,17.60,1.90,1.00,0.00,0.00,1.00,0.06,6.70,3.00,66.00,6.00,2.00,45.00,2.90,1.00,35.00,3.50,2.00,125.44,9.60,3.00,51.00,4.50,2.00,12.00,1.80,1.00,480.00,1.20,1.00,0.00,0.00,1.00,0.80,1.60,1.00,2.10,1.30,1.00,43.50,5.50,2.00,-0.02,2.10,1.00,4.50,3.20,1.00,60.00,2.70,1.00,25.00,4.30,2.00,2.90,2.00,1.00,-23.24,2.90,1.00,-29.00,1.10,1.00,12.10,6.30,2.00,26.00,2.00,1.00,38.00,5.40,2.00,54.00,6.90,3.00,4.72,2.00,1.00,21.00,9.10,3.00,4.60,1.80,1.00,48.00,2.20,1.00,,,,10.30,1.40,1.00,157.00,1.80,1.00,,,,2.30,1.80,1.00,69.10,2.20,1.00,1.50,6.40,2.00
Pagėgių sav.,Tauragės,1.40,1.33,2.00,2.00,1.90,2.00,1.77,1.50,1.42,2.00,1.75,1.60,1.67,1.66,10.00,5.10,2.00,52.80,1.30,1.00,19.80,4.90,2.00,22.80,3.40,2.00,1.00,7.60,3.00,20.20,2.40,1.00,0.00,0.00,1.00,0.07,6.10,2.00,64.00,5.80,2.00,35.00,1.60,1.00,55.00,5.50,2.00,43.93,10.00,3.00,38.00,3.00,1.00,,,,538.20,3.70,2.00,0.00,0.00,1.00,1.60,4.20,2.00,1.10,0.00,1.00,42.80,5.20,2.00,-0.03,0.00,1.00,5.30,4.40,2.00,62.00,4.50,2.00,21.00,7.10,3.00,3.00,2.20,1.00,-25.46,2.20,1.00,-32.70,0.40,1.00,11.54,6.50,2.00,20.00,0.70,1.00,17.00,2.20,1.00,71.00,9.10,3.00,6.79,5.10,2.00,19.00,9.80,3.00,5.30,2.30,1.00,33.00,1.50,1.00,,,,2.50,0.20,1.00,2.00,0.00,1.00,,,,2.00,1.50,1.00,65.60,0.00,1.00,0.80,8.30,3.00
Šilalės r. sav.,Tauragės,1.40,1.62,2.27,2.00,1.75,1.75,1.80,1.50,1.62,2.20,2.00,1.67,1.50,1.75,7.50,7.50,3.00,25.90,6.00,2.00,49.20,8.30,3.00,15.70,9.40,3.00,1.20,7.00,3.00,22.80,2.90,1.00,0.00,0.00,1.00,0.05,7.30,3.00,85.00,8.30,3.00,38.00,2.00,1.00,70.00,7.00,3.00,67.03,9.90,3.00,53.00,4.70,2.00,10.00,1.50,1.00,492.00,1.80,1.00,0.00,0.00,1.00,0.40,0.30,1.00,1.60,0.60,1.00,51.20,8.70,3.00,-0.02,1.90,1.00,4.90,3.80,2.00,62.00,4.50,2.00,21.00,7.10,3.00,2.80,1.80,1.00,-14.07,6.00,2.00,-25.00,1.80,1.00,10.61,6.70,3.00,19.00,0.40,1.00,29.00,4.00,2.00,60.00,7.70,3.00,4.44,1.50,1.00,13.00,8.10,3.00,7.50,4.10,2.00,10.00,0.50,1.00,,,,3.80,0.40,1.00,25.00,0.30,1.00,,,,1.70,1.30,1.00,66.70,0.70,1.00,2.30,4.20,2.00
Tauragės r. sav.,Tauragės,1.30,1.46,2.00,1.80,2.00,1.75,1.72,1.70,1.62,2.00,1.60,1.92,1.75,1.76,10.80,4.30,2.00,42.00,3.20,1.00,68.40,9.50,3.00,12.70,6.40,2.00,0.90,7.80,3.00,32.70,4.80,2.00,0.00,0.00,1.00,0.07,6.20,2.00,67.00,6.20,2.00,48.00,3.30,2.00,78.00,7.80,3.00,367.79,8.40,3.00,61.00,5.60,2.00,12.00,1.80,1.00,494.00,1.80,1.00,0.70,1.10,1.00,1.00,2.30,1.00,2.90,2.30,1.00,44.10,5.80,2.00,-0.02,2.80,1.00,4.80,3.70,2.00,62.00,4.50,2.00,23.00,5.70,2.00,4.20,4.60,2.00,-21.19,3.60,2.00,-25.00,1.80,1.00,15.82,5.10,2.00,20.00,0.70,1.00,39.00,5.50,2.00,50.00,6.40,2.00,4.71,2.00,1.00,24.00,8.00,3.00,4.90,2.00,1.00,41.00,1.90,1.00,,,,24.40,3.50,2.00,,,,,,,3.50,2.70,1.00,67.50,1.20,1.00,1.80,5.60,2.00
Mažeikių r. sav.,Telšių,2.10,1.92,2.00,2.00,1.42,1.50,1.82,2.20,2.00,2.00,2.00,1.50,1.50,1.87,11.00,4.20,2.00,48.80,2.00,1.00,43.80,7.70,3.00,14.00,7.70,3.00,1.00,7.60,3.00,33.80,5.00,2.00,13.00,3.10,1.00,0.06,6.50,2.00,83.00,8.00,3.00,37.00,1.90,1.00,65.00,6.50,2.00,24674.74,0.00,1.00,78.00,7.50,3.00,27.00,4.50,2.00,576.60,5.40,2.00,6.30,10.00,3.00,1.40,3.50,2.00,8.30,9.10,3.00,46.90,6.90,3.00,-0.02,1.30,1.00,4.50,3.20,1.00,63.00,5.50,2.00,19.00,8.60,3.00,4.10,4.40,2.00,-18.06,4.60,2.00,-20.00,2.70,1.00,9.24,7.20,3.00,28.00,2.40,1.00,30.00,4.20,2.00,60.00,7.70,3.00,4.00,0.90,1.00,9.00,6.80,3.00,7.10,3.80,2.00,30.00,1.40,1.00,,,,21.50,3.10,1.00,205.00,2.30,1.00,,,,6.40,4.90,2.00,76.40,6.80,3.00,1.60,6.10,2.00
Plungės r. sav.,Telšių,1.60,1.92,2.33,2.00,1.92,1.75,1.92,1.80,1.92,2.33,2.00,1.92,1.75,1.95,7.10,7.80,3.00,28.60,5.60,2.00,53.00,8.70,3.00,14.00,7.70,3.00,0.70,8.40,3.00,31.20,4.50,2.00,22.00,5.20,2.00,0.04,8.20,3.00,86.00,8.40,3.00,49.00,3.50,2.00,83.00,8.30,3.00,745.89,6.50,2.00,76.00,7.30,3.00,17.00,2.70,1.00,494.60,1.90,1.00,0.60,1.00,1.00,0.90,1.90,1.00,3.10,2.50,1.00,42.20,5.00,2.00,-0.02,2.10,1.00,5.40,4.60,2.00,62.00,4.50,2.00,22.00,6.40,2.00,3.60,3.40,2.00,-20.66,3.80,2.00,-18.40,3.00,1.00,5.53,8.30,3.00,19.00,0.40,1.00,36.00,5.10,2.00,51.00,6.50,2.00,5.19,2.70,1.00,34.00,4.50,2.00,8.30,4.70,2.00,35.00,1.60,1.00,0.30,0.00,1.00,17.40,2.50,1.00,67.00,0.80,1.00,0.00,0.00,1.00,4.90,3.80,2.00,72.20,4.10,2.00,1.80,5.60,2.00
Rietavo sav.,Telšių,1.40,1.50,1.93,1.00,1.90,2.00,1.62,1.60,1.60,2.13,1.50,2.00,2.00,1.81,6.80,8.10,3.00,31.00,5.10,2.00,31.10,6.20,2.00,15.50,9.20,3.00,1.00,7.60,3.00,14.80,1.30,1.00,0.00,0.00,1.00,0.04,7.90,3.00,,,,62.00,5.20,2.00,92.00,9.20,3.00,248.13,9.00,3.00,,,,,,,499.30,2.10,1.00,0.00,0.00,1.00,0.80,1.60,1.00,2.10,1.30,1.00,44.00,5.70,2.00,-0.02,1.70,1.00,4.70,3.50,2.00,62.00,4.50,2.00,22.00,6.40,2.00,3.50,3.20,1.00,-13.62,6.10,2.00,-33.00,0.40,1.00,13.08,6.00,2.00,29.00,2.70,1.00,54.00,7.80,3.00,38.00,4.90,2.00,4.77,2.00,1.00,12.00,7.80,3.00,4.30,1.50,1.00,23.00,1.10,1.00,,,,0.90,0.00,1.00,51.00,0.60,1.00,,,,0.10,0.10,1.00,68.60,1.90,1.00,0.40,9.40,3.00
Telšių r. sav.,Telšių,1.30,1.77,2.13,2.20,1.83,1.50,1.79,1.30,1.85,2.70,2.00,1.92,1.75,1.81,7.40,7.50,3.00,30.90,5.10,2.00,65.10,9.90,3.00,17.30,9.00,3.00,1.10,7.30,3.00,23.20,3.00,1.00,17.00,4.00,2.00,0.05,7.50,3.00,84.00,8.10,3.00,49.00,3.50,2.00,69.00,6.90,3.00,669.42,6.90,3.00,73.00,7.00,3.00,16.00,2.50,1.00,525.60,3.20,1.00,0.20,0.30,1.00,1.00,2.30,1.00,2.70,2.00,1.00,43.40,5.50,2.00,-0.02,1.90,1.00,4.30,2.90,1.00,60.00,2.70,1.00,24.00,5.00,2.00,3.50,3.20,1.00,-24.91,2.40,1.00,-26.10,1.60,1.00,16.54,4.90,2.00,23.00,1.30,1.00,36.00,5.10,2.00,52.00,6.70,3.00,5.56,3.20,1.00,21.00,9.10,3.00,7.70,4.20,2.00,32.00,1.50,1.00,,,,26.60,3.80,2.00,330.00,3.80,2.00,,,,6.70,5.20,2.00,69.40,2.40,1.00,1.50,6.40,2.00
Anykščių r. sav.,Utenos,1.20,1.46,1.93,1.60,1.75,1.50,1.57,1.10,1.31,1.73,1.40,1.67,1.50,1.45,10.80,4.30,2.00,41.60,3.30,1.00,81.60,8.00,3.00,19.10,7.20,3.00,1.05,7.40,3.00,28.20,3.90,2.00,0.00,0.00,1.00,0.06,6.80,3.00,51.00,4.30,2.00,49.00,3.50,2.00,79.00,7.90,3.00,251.76,9.00,3.00,38.00,3.00,1.00,12.00,1.80,1.00,480.00,1.20,1.00,0.30,0.50,1.00,0.40,0.30,1.00,1.60,0.60,1.00,40.00,4.00,2.00,-0.02,2.80,1.00,3.90,2.40,1.00,59.00,1.80,1.00,29.00,1.40,1.00,3.10,2.40,1.00,-20.55,3.80,2.00,-30.00,0.90,1.00,30.61,0.60,1.00,28.00,2.40,1.00,33.00,4.60,2.00,54.00,6.90,3.00,5.20,2.70,1.00,20.00,9.40,3.00,6.10,3.00,1.00,30.00,1.40,1.00,,,,12.50,1.70,1.00,317.00,3.60,2.00,,,,2.20,1.70,1.00,71.20,3.50,2.00,1.70,5.80,2.00
Ignalinos r. sav.,Utenos,1.10,1.46,1.87,2.20,1.83,1.75,1.70,1.20,1.54,1.87,2.00,1.75,1.75,1.68,15.40,0.00,1.00,53.90,1.10,1.00,54.10,8.80,3.00,19.80,6.50,2.00,0.37,9.30,3.00,35.70,5.40,2.00,22.00,5.20,2.00,0.07,6.00,2.00,70.00,6.50,2.00,62.00,5.20,2.00,80.00,8.00,3.00,177.25,9.30,3.00,52.00,4.60,2.00,15.00,2.40,1.00,495.00,1.90,1.00,0.30,0.50,1.00,0.30,0.00,1.00,1.20,0.10,1.00,38.60,3.50,2.00,-0.01,3.80,2.00,3.10,1.20,1.00,57.00,0.00,1.00,31.00,0.00,1.00,2.50,1.20,1.00,-17.71,4.70,2.00,-35.00,0.00,1.00,24.57,2.50,1.00,26.00,2.00,1.00,36.00,5.10,2.00,42.00,5.40,2.00,7.88,6.70,3.00,28.00,6.60,2.00,4.00,1.30,1.00,76.00,3.50,2.00,,,,3.00,0.30,1.00,85.00,1.00,1.00,,,,1.30,1.00,1.00,70.80,3.30,1.00,2.90,2.50,1.00
Molėtų r. sav.,Utenos,1.50,1.77,2.07,2.20,2.00,2.00,1.92,1.40,1.54,1.80,2.00,1.83,1.75,1.72,11.40,3.80,2.00,36.10,4.20,2.00,50.00,8.40,3.00,17.50,8.80,3.00,0.97,7.60,3.00,34.50,5.20,2.00,0.00,0.00,1.00,0.04,7.70,3.00,81.00,7.80,3.00,61.00,5.10,2.00,84.00,8.40,3.00,291.15,8.80,3.00,45.00,3.80,2.00,12.00,1.80,1.00,467.50,0.70,1.00,0.10,0.20,1.00,0.70,1.30,1.00,1.70,0.80,1.00,41.80,4.80,2.00,-0.01,4.00,2.00,5.80,5.10,2.00,60.00,2.70,1.00,27.00,2.90,1.00,3.60,3.40,2.00,-17.13,4.90,2.00,-29.00,1.10,1.00,23.10,2.90,1.00,24.00,1.60,1.00,32.00,4.50,2.00,45.00,5.80,2.00,7.67,6.40,2.00,19.00,9.80,3.00,7.90,4.40,2.00,6.00,0.30,1.00,,,,5.20,0.60,1.00,99.00,1.10,1.00,,,,0.00,0.00,1.00,73.10,4.70,2.00,2.10,4.70,2.00
Utenos r. sav.,Utenos,2.00,2.08,2.13,2.40,1.83,1.75,2.03,1.90,2.08,2.00,2.40,1.92,2.00,2.05,10.00,5.10,2.00,36.40,4.20,2.00,93.00,6.70,3.00,17.80,8.50,3.00,0.74,8.30,3.00,40.50,6.30,2.00,0.00,0.00,1.00,0.06,6.70,3.00,90.00,8.80,3.00,59.00,4.80,2.00,92.00,9.20,3.00,683.92,6.80,3.00,80.00,7.80,3.00,26.00,4.40,2.00,531.00,3.40,2.00,3.80,6.00,2.00,1.70,4.50,2.00,4.00,3.70,2.00,48.50,7.60,3.00,-0.02,3.00,1.00,3.90,2.40,1.00,62.00,4.50,2.00,25.00,4.30,2.00,3.70,3.60,2.00,-19.73,4.10,2.00,-22.00,2.30,1.00,26.02,2.00,1.00,24.00,1.60,1.00,34.00,4.80,2.00,47.00,6.00,2.00,6.48,4.60,2.00,10.00,7.10,3.00,7.00,3.70,2.00,72.00,3.30,1.00,,,,61.80,9.10,3.00,222.00,2.50,1.00,,,,7.60,5.80,2.00,78.00,7.80,3.00,3.10,1.90,1.00
Visagino sav.,Utenos,1.80,2.31,2.13,2.60,2.33,2.25,2.24,1.50,2.15,2.70,3.00,2.58,2.75,2.34,12.70,2.50,1.00,33.30,4.70,2.00,82.90,7.90,3.00,18.80,7.50,3.00,0.15,9.90,3.00,32.50,4.80,2.00,42.00,10.00,3.00,0.17,0.00,1.00,100.00,10.00,3.00,79.00,7.50,3.00,100.00,10.00,3.00,659.78,6.90,3.00,100.00,10.00,3.00,57.00,10.00,3.00,616.00,7.10,3.00,0.40,0.60,1.00,1.50,3.90,2.00,3.40,2.90,1.00,41.00,4.50,2.00,-0.03,0.60,1.00,4.90,3.80,2.00,65.00,7.30,3.00,20.00,7.90,3.00,3.60,3.40,2.00,,,,,,,76.19,0.00,1.00,82.00,10.00,3.00,58.00,8.40,3.00,2.00,0.30,1.00,7.93,6.80,3.00,1.00,4.00,2.00,3.80,1.10,1.00,0.00,0.00,1.00,,,,40.20,5.90,2.00,0.00,0.00,1.00,,,,3.70,2.80,1.00,74.20,5.40,2.00,0.40,9.40,3.00
Zarasų r. sav.,Utenos,1.20,1.46,1.93,2.20,1.92,1.75,1.74,1.20,1.38,1.80,2.00,1.83,1.75,1.66,14.00,1.30,1.00,44.10,2.80,1.00,38.30,7.00,3.00,20.10,6.20,2.00,0.37,9.30,3.00,34.40,5.10,2.00,6.00,1.40,1.00,0.09,5.00,2.00,70.00,6.50,2.00,69.00,6.10,2.00,84.00,8.40,3.00,152.21,9.50,3.00,48.00,4.20,2.00,19.00,3.10,1.00,462.70,0.50,1.00,0.10,0.20,1.00,0.30,0.00,1.00,1.40,0.40,1.00,33.10,1.20,1.00,-0.01,3.40,2.00,3.50,1.80,1.00,59.00,1.80,1.00,28.00,2.10,1.00,2.80,1.80,1.00,-22.09,3.30,1.00,-30.60,0.80,1.00,32.60,0.00,1.00,22.00,1.10,1.00,38.00,5.40,2.00,36.00,4.60,2.00,8.24,7.20,3.00,29.00,6.30,2.00,6.90,3.60,2.00,34.00,1.60,1.00,,,,3.50,0.40,1.00,120.00,1.40,1.00,,,,1.60,1.20,1.00,73.60,5.00,2.00,1.80,5.60,2.00
Elektrėnų sav.,Vilniaus,2.40,2.27,1.87,1.67,1.58,2.25,2.01,2.50,2.18,1.87,1.67,1.67,2.50,2.06,4.80,10.00,3.00,21.40,6.80,3.00,178.00,0.00,1.00,12.50,6.20,2.00,0.94,7.70,3.00,15.50,1.40,1.00,36.00,8.60,3.00,0.03,8.90,3.00,,,,60.00,4.90,2.00,31.00,3.10,1.00,2487.67,0.00,1.00,,,,27.00,4.50,2.00,588.00,5.90,2.00,4.00,6.30,2.00,2.70,7.70,3.00,6.80,7.20,3.00,51.80,9.00,3.00,0.00,5.50,2.00,5.60,4.90,2.00,63.00,5.50,2.00,22.00,6.40,2.00,2.80,1.80,1.00,-17.59,4.80,2.00,-16.00,3.40,2.00,19.76,3.90,2.00,30.00,2.90,1.00,33.00,4.60,2.00,46.00,5.90,2.00,6.48,4.60,2.00,13.00,8.10,3.00,4.80,1.90,1.00,5.00,0.20,1.00,,,,19.30,2.70,1.00,3.00,0.00,1.00,,,,0.30,0.20,1.00,81.60,10.00,3.00,3.80,0.00,1.00
Šalčininkų r. sav.,Vilniaus,1.40,1.77,2.40,2.20,2.17,1.75,1.95,1.30,1.69,2.27,2.20,2.17,1.75,1.90,10.70,4.40,2.00,25.20,6.20,2.00,54.10,8.80,3.00,20.10,6.20,2.00,0.59,8.70,3.00,30.00,4.30,2.00,0.00,0.00,1.00,0.03,8.50,3.00,93.00,9.20,3.00,57.00,4.50,2.00,69.00,6.90,3.00,92.36,9.80,3.00,91.00,9.00,3.00,7.00,0.90,1.00,451.00,0.00,1.00,0.00,0.00,1.00,0.30,0.00,1.00,1.10,0.00,1.00,38.70,3.50,2.00,-0.01,4.00,2.00,4.30,2.90,1.00,63.00,5.50,2.00,20.00,7.90,3.00,2.30,0.80,1.00,-4.87,9.00,3.00,-23.00,2.20,1.00,8.28,7.50,3.00,29.00,2.70,1.00,48.00,6.90,3.00,43.00,5.50,2.00,4.78,2.10,1.00,20.00,9.40,3.00,5.30,2.30,1.00,25.00,1.10,1.00,,,,5.60,0.70,1.00,73.00,0.80,1.00,,,,0.80,0.60,1.00,69.00,2.10,1.00,0.60,8.90,3.00
Širvintų r. sav.,Vilniaus,1.70,1.92,2.13,2.00,1.75,2.00,1.92,1.60,1.77,2.00,1.80,1.58,1.75,1.75,8.00,7.00,3.00,16.10,7.80,3.00,44.10,7.70,3.00,17.80,8.50,3.00,1.00,7.60,3.00,39.20,6.10,2.00,0.00,0.00,1.00,0.03,8.50,3.00,78.00,7.40,3.00,50.00,3.60,2.00,48.00,4.80,2.00,201.62,9.20,3.00,55.00,4.90,2.00,15.00,2.40,1.00,478.00,1.20,1.00,0.10,0.20,1.00,0.60,1.00,1.00,1.70,0.80,1.00,37.90,3.20,1.00,-0.01,5.10,2.00,5.20,4.30,2.00,62.00,4.50,2.00,24.00,5.00,2.00,2.70,1.60,1.00,-19.43,4.20,2.00,-21.00,2.50,1.00,25.21,2.30,1.00,17.00,0.00,1.00,33.00,4.60,2.00,53.00,6.80,3.00,4.66,1.90,1.00,5.00,5.40,2.00,7.20,3.80,2.00,83.00,3.80,2.00,,,,11.30,1.60,1.00,164.00,1.90,1.00,,,,0.00,0.00,1.00,72.90,4.60,2.00,2.00,5.00,2.00
Švenčionių r. sav.,Vilniaus,1.60,1.85,2.27,2.20,2.33,2.00,2.04,1.80,1.92,2.27,2.20,2.25,1.75,2.03,9.30,5.80,2.00,24.50,6.30,2.00,56.60,9.10,3.00,16.00,9.70,3.00,0.36,9.30,3.00,24.00,3.10,1.00,22.00,5.20,2.00,0.06,6.90,3.00,93.00,9.20,3.00,74.00,6.80,3.00,86.00,8.60,3.00,541.30,7.50,3.00,91.00,9.00,3.00,11.00,1.60,1.00,499.50,2.10,1.00,2.60,4.10,2.00,0.90,1.90,1.00,2.40,1.60,1.00,42.50,5.10,2.00,-0.01,3.60,2.00,4.60,3.40,2.00,61.00,3.60,2.00,26.00,3.60,2.00,2.20,0.60,1.00,-19.12,4.30,2.00,-30.70,0.80,1.00,27.41,1.60,1.00,23.00,1.30,1.00,61.00,8.80,3.00,26.00,3.30,2.00,6.56,4.70,2.00,39.00,2.80,1.00,6.20,3.00,1.00,50.00,2.30,1.00,,,,15.40,2.20,1.00,350.00,4.00,2.00,,,,2.10,1.60,1.00,76.00,6.50,2.00,1.00,7.80,3.00
Trakų r. sav.,Vilniaus,1.90,2.15,2.60,2.00,2.25,2.25,2.19,1.80,2.00,2.40,1.80,2.08,2.00,2.01,5.80,9.10,3.00,25.10,6.20,2.00,44.00,7.70,3.00,13.30,7.00,3.00,1.03,7.50,3.00,27.50,3.80,2.00,33.00,7.90,3.00,0.02,9.20,3.00,63.00,5.70,2.00,70.00,6.30,2.00,76.00,7.60,3.00,161.12,9.40,3.00,48.00,4.20,2.00,11.00,1.60,1.00,571.00,5.10,2.00,1.40,2.20,1.00,1.50,3.90,2.00,3.40,2.90,1.00,49.40,8.00,3.00,-0.01,5.30,2.00,10.90,10.00,3.00,63.00,5.50,2.00,21.00,7.10,3.00,3.40,3.00,1.00,-14.74,5.70,2.00,-8.10,4.80,2.00,15.86,5.10,2.00,33.00,3.60,2.00,50.00,7.20,3.00,33.00,4.20,2.00,7.15,5.60,2.00,23.00,8.40,3.00,6.90,3.60,2.00,187.00,8.50,3.00,,,,237.80,10.00,3.00,1095.00,10.00,3.00,,,,0.10,0.10,1.00,76.60,6.90,3.00,2.40,3.90,2.00
Ukmergės r. sav.,Vilniaus,1.30,1.85,2.00,2.20,1.83,1.75,1.82,1.60,1.92,2.70,2.20,1.83,1.75,1.90,11.40,3.80,2.00,31.60,5.00,2.00,59.30,9.40,3.00,16.00,9.70,3.00,0.62,8.60,3.00,31.20,4.50,2.00,0.00,0.00,1.00,0.03,8.30,3.00,91.00,9.00,3.00,45.00,2.90,1.00,78.00,7.80,3.00,622.20,7.10,3.00,80.00,7.80,3.00,23.00,3.80,2.00,513.00,2.60,1.00,1.50,2.40,1.00,0.70,1.30,1.00,3.60,3.20,1.00,46.50,6.80,3.00,-0.02,3.20,1.00,2.70,0.60,1.00,59.00,1.80,1.00,27.00,2.90,1.00,3.20,2.60,1.00,-24.13,2.60,1.00,-28.00,1.30,1.00,30.13,0.80,1.00,31.00,3.10,1.00,33.00,4.60,2.00,55.00,7.10,3.00,4.90,2.20,1.00,16.00,9.20,3.00,6.20,3.00,1.00,38.00,1.70,1.00,,,,31.60,4.60,2.00,95.00,1.10,1.00,,,,3.50,2.70,1.00,75.90,6.40,2.00,1.40,6.70,3.00
Vilniaus m. sav.,Vilniaus,2.80,2.85,2.50,2.80,2.27,2.25,2.58,2.40,2.77,2.29,2.60,2.36,2.75,2.53,5.90,9.00,3.00,21.60,6.80,3.00,14.20,4.30,2.00,10.20,3.80,2.00,1.15,7.10,3.00,87.60,10.00,3.00,95.00,10.00,3.00,0.01,9.70,3.00,93.00,9.20,3.00,52.00,3.90,2.00,58.00,5.80,2.00,3824.97,0.00,1.00,91.00,9.00,3.00,34.00,5.80,2.00,685.00,10.00,3.00,17.30,10.00,3.00,3.40,10.00,3.00,11.30,10.00,3.00,54.30,10.00,3.00,0.00,6.60,2.00,5.60,4.90,2.00,64.00,6.40,2.00,19.00,8.60,3.00,10.10,10.00,3.00,-1.90,10.00,3.00,56.20,10.00,3.00,0.00,10.00,3.00,74.00,10.00,3.00,35.00,4.90,2.00,19.00,2.40,1.00,8.48,7.60,3.00,18.00,9.90,3.00,147.90,10.00,3.00,8.00,0.40,1.00,,,,282.70,10.00,3.00,233.00,2.70,1.00,,,,63.90,10.00,3.00,77.70,7.60,3.00,,,
Vilniaus r. sav.,Vilniaus,2.00,2.23,2.33,2.20,2.80,2.50,2.22,2.00,2.23,2.20,2.00,1.83,2.00,2.40,8.90,6.10,2.00,33.50,4.70,2.00,101.00,5.80,2.00,15.20,8.90,3.00,1.00,7.60,3.00,41.80,6.60,2.00,34.00,8.10,3.00,0.01,9.70,3.00,93.00,9.20,3.00,63.00,5.30,2.00,55.00,5.50,2.00,873.00,5.90,2.00,91.00,9.00,3.00,4.00,0.40,1.00,569.00,5.00,2.00,1.80,2.90,1.00,2.30,6.50,2.00,3.40,2.90,1.00,49.30,7.90,3.00,0.01,8.30,3.00,13.60,10.00,3.00,65.00,7.30,3.00,18.00,9.30,3.00,3.90,4.00,2.00,-19.47,4.20,2.00,9.37,8.00,3.00,10.70,6.70,3.00,30.00,2.90,1.00,42.00,6.00,2.00,40.00,5.10,2.00,5.03,2.40,1.00,9.00,6.80,3.00,5.70,2.60,1.00,102.00,4.70,2.00,,,,146.10,10.00,3.00,401.00,4.60,2.00,,,,30.80,10.00,3.00,75.40,6.10,2.00,1.80,5.60,2.00
Vidutinė Lietuvos savivaldybė,,1.62,1.86,2.30,2.20,1.84,1.93,1.88,1.69,1.86,1.99,1.94,1.80,1.93,1.87,9.43,5.63,2.20,34.32,4.55,1.88,64.24,6.79,2.56,16.30,7.33,2.62,1.02,7.52,2.80,35.75,4.87,1.92,17.68,3.12,1.60,0.05,7.17,2.62,75.46,7.15,2.54,48.68,3.42,1.57,48.20,4.91,2.00,1174.02,7.11,2.60,65.20,6.09,2.29,18.44,2.99,1.38,516.58,2.81,1.40,1.55,2.14,1.30,1.20,2.82,1.42,3.29,2.73,1.40,43.86,5.60,2.15,-0.01,3.41,1.47,6.44,4.41,1.78,61.20,3.80,1.62,23.42,5.29,2.03,3.77,3.44,1.52,-19.30,4.06,1.69,-19.88,2.57,1.35,18.60,4.55,1.81,34.62,3.55,1.48,33.65,4.69,1.93,47.52,6.09,2.37,5.60,3.28,1.52,18.32,7.00,2.60,16.46,3.89,1.60,48.07,2.13,1.32,5.12,3.40,1.60,35.06,3.14,1.48,227.56,2.34,1.34,15.40,5.50,2.00,6.06,2.89,1.38,73.16,4.74,1.95,1.53,6.46,2.37